"","test1_","test2_","test3_","test4_","test5_"
"6",0,1,0,1,0
"8",0,0,0,1,1
"9",1,0,0,1,0
"10",0,1,0,0,0
"13",0,0,0,0,0
"16",0,0,0,0,0
"19",1,0,0,0,0
"20",1,0,1,1,1
"21",0,1,0,1,0
"22",0,0,0,1,0
"24",0,1,0,0,0
"26",0,0,1,0,0
"35",0,0,0,1,1
"39",0,0,0,1,1
"40",0,0,0,0,0
"44",0,0,1,1,0
"45",0,0,0,0,1
"47",0,0,0,1,1
"48",0,1,0,1,0
"52",0,0,0,1,0
"64",0,0,0,1,1
"68",0,0,0,0,0
"71",0,0,0,0,0
"72",0,0,1,0,1
"74",1,0,0,0,0
"79",1,1,1,1,0
"80",0,1,0,1,0
"86",0,0,0,0,0
"95",0,0,0,0,0
"96",0,0,0,0,0
"99",1,1,0,0,0
"100",0,0,0,1,0
"106",1,1,1,1,0
"109",0,1,1,1,0
"110",0,0,0,0,0
"113",0,0,0,1,0
"115",1,0,0,0,0
"117",0,0,0,0,1
"131",0,1,0,0,0
"132",1,0,0,0,0
"134",0,1,0,0,0
"136",0,0,0,0,0
"142",0,1,0,1,0
"143",0,0,0,0,0
"144",0,0,0,1,0
"146",1,0,0,0,0
"147",0,0,0,1,0
"148",1,0,0,1,1
"149",1,1,1,1,1
"151",0,1,0,0,0
"153",1,1,1,1,0
"156",0,0,0,1,0
"158",0,0,1,0,0
"160",0,0,0,0,0
"161",0,1,0,1,0
"166",1,0,0,0,0
"167",0,1,0,0,0
"170",1,1,1,1,0
"172",1,1,1,1,1
"176",0,0,0,0,0
"179",0,0,0,0,0
"181",1,0,0,1,0
"183",0,0,0,1,0
"184",0,0,0,0,0
"189",0,0,0,0,0
"191",1,0,0,1,0
"192",1,0,1,1,1
"193",0,0,0,0,0
"194",0,0,0,0,0
"197",1,0,0,1,1
"198",1,0,0,1,0
"203",1,1,1,1,1
"206",0,0,0,0,1
"214",0,0,0,1,0
"215",0,0,0,1,0
"216",0,0,0,0,0
"217",0,0,0,0,0
"220",1,0,0,1,0
"229",1,1,1,1,0
"232",0,0,0,0,0
"234",1,1,0,1,0
"245",1,0,0,0,0
"246",0,0,0,1,1
"251",1,0,0,0,1
"255",1,0,0,0,0
"257",0,0,0,1,0
"260",1,0,0,1,0
"265",1,1,1,1,1
"267",0,0,0,1,1
"271",1,0,1,1,0
"273",0,0,1,1,1
"275",0,0,0,1,0
"278",0,0,0,0,0
"279",0,0,0,0,0
"280",1,0,0,0,1
"281",0,0,0,1,0
"283",1,1,1,1,1
"289",1,1,1,1,1
"290",1,1,0,1,0
"293",1,1,1,1,0
"295",1,0,0,1,1
"296",0,0,0,0,0
"299",1,0,0,0,1
"301",0,0,1,0,1
"306",1,1,0,1,0
"308",0,0,0,1,0
"309",0,0,0,1,1
"317",0,0,1,1,0
"318",0,0,0,0,0
"320",0,0,0,1,0
"323",1,1,1,1,0
"326",1,0,0,1,0
"327",1,0,0,1,0
"331",1,0,1,1,0
"332",0,0,1,0,0
"337",0,0,0,1,0
"339",1,0,0,1,0
"342",1,0,0,0,1
"348",0,0,0,1,0
"357",1,1,0,0,0
"358",1,1,1,0,1
"359",0,1,0,1,0
"360",1,1,1,0,0
"362",1,0,0,0,0
"366",1,0,0,0,0
"367",0,0,0,0,0
"372",1,0,0,0,0
"373",0,0,0,1,0
"376",0,0,0,0,0
"377",1,1,0,0,0
"378",0,0,0,0,0
"381",1,1,1,1,1
"382",0,0,0,1,0
"384",1,1,0,0,0
"386",0,0,0,0,0
"387",1,1,0,1,1
"391",1,1,0,0,1
"393",0,0,0,0,0
"397",0,0,1,0,0
"402",0,1,0,1,1
"408",0,0,1,0,0
"409",0,0,0,0,0
"414",0,0,0,0,0
"415",1,0,0,0,0
"417",1,0,0,1,0
"418",0,0,0,0,0
"420",0,0,0,0,0
"425",0,1,0,0,0
"426",0,0,0,1,0
"428",1,0,0,1,0
"429",1,1,1,1,1
"430",1,0,0,1,0
"434",1,0,1,1,0
"435",0,1,0,1,0
"436",1,1,1,1,1
"438",0,0,0,0,1
"441",0,0,0,0,0
"445",0,0,0,0,1
"446",1,1,0,1,0
"452",0,0,0,0,0
"456",0,0,0,0,1
"465",1,1,1,0,1
"469",1,0,0,0,1
"475",0,0,0,0,0
"477",0,1,0,1,0
"485",0,1,0,0,0
"491",1,0,0,0,0
"492",1,0,0,0,0
"494",1,1,1,0,1
"497",0,0,0,0,0
"499",0,0,0,0,0
"508",0,0,0,0,0
"511",0,0,1,0,0
"512",0,0,0,0,0
"516",0,0,0,1,0
"521",1,1,1,1,1
"522",1,1,0,0,1
"530",0,0,0,0,0
"531",0,0,1,0,0
"532",0,0,1,0,0
"533",0,0,0,0,0
"535",1,0,0,0,0
"539",1,0,1,0,0
"540",1,1,0,1,1
"541",0,0,0,1,0
"543",1,0,1,0,1
"554",1,0,1,0,0
"555",1,1,0,1,0
"556",1,1,1,0,0
"561",1,1,1,1,1
"567",1,1,1,1,1
"569",1,0,1,0,0
"571",0,0,0,0,0
"572",1,1,1,1,1
"573",1,0,1,0,0
"574",0,0,1,0,0
"578",1,1,1,0,0
"581",1,1,1,1,0
"593",1,0,0,0,1
"594",0,0,1,0,0
"598",0,0,0,0,0
"605",1,0,0,1,0
"606",1,1,1,1,0
"608",0,0,0,0,0
"609",0,0,0,0,0
"610",0,0,0,1,0
"611",1,1,1,1,1
"612",0,1,0,0,0
"618",1,1,1,1,1
"620",1,0,1,1,0
"623",1,1,1,1,1
"629",1,0,1,0,0
"630",0,0,0,0,0
"632",0,0,1,0,0
"634",1,1,1,1,1
"640",1,1,1,1,1
"641",0,0,0,0,0
"642",1,0,0,1,0
"645",0,0,0,1,0
"646",0,1,0,0,0
"650",0,1,0,0,0
"652",0,0,0,0,0
"659",1,1,1,0,0
"664",0,0,0,0,0
"665",1,1,1,0,0
"667",1,1,1,0,1
"675",1,0,1,0,1
"676",1,0,1,1,0
"682",0,0,0,1,0
"688",0,0,0,0,0
"690",0,0,0,0,0
"691",1,1,1,1,0
"694",0,1,1,0,0
"695",1,0,1,1,0
"696",0,0,0,1,0
"699",0,0,0,0,0
"703",0,1,0,0,0
"704",0,0,0,0,1
"706",1,0,0,0,0
"707",0,0,0,0,0
"709",1,0,0,1,0
"710",0,0,0,0,0
"711",1,1,1,1,0
"713",0,0,0,0,0
"714",1,1,1,1,0
"717",1,0,1,1,1
"718",0,0,0,1,0
"719",0,0,1,0,0
"723",0,0,0,1,0
"726",0,0,0,1,0
"727",0,0,0,1,0
"729",1,0,0,0,1
"731",1,1,0,0,0
"734",0,0,0,0,0
"736",1,0,1,0,0
"737",1,0,1,0,0
"739",1,1,1,1,1
"741",1,0,0,1,0
"742",1,0,1,1,0
"745",1,1,1,1,1
"746",0,0,0,0,1
"747",1,1,1,1,1
"750",0,0,0,1,0
"752",1,1,0,1,0
"753",0,0,0,0,0
"754",1,0,1,1,0
"755",0,0,1,0,0
"756",0,0,0,0,1
"757",0,0,1,0,0
"758",0,1,0,0,1
"763",0,0,1,0,1
"766",0,0,1,0,0
"767",1,0,0,0,0
"769",0,1,0,0,0
"772",0,1,0,1,0
"773",1,1,1,0,1
"774",1,1,0,0,0
"776",1,1,1,1,1
"778",1,0,0,1,0
"780",0,0,0,0,0
"781",0,0,1,0,0
"790",0,1,0,0,0
"792",1,1,0,1,0
"796",0,0,0,0,0
"798",0,0,0,0,0
"800",0,0,0,0,0
"801",1,1,0,0,0
"805",0,0,0,0,0
"807",0,0,0,1,0
"808",1,1,1,1,1
"810",0,0,0,0,0
"815",0,0,0,1,0
"818",1,1,1,1,1
"820",1,0,1,1,0
"822",1,1,0,1,1
"823",0,0,0,0,0
"826",1,1,1,1,1
"827",0,0,0,0,0
"829",1,1,1,1,1
"830",1,1,0,1,0
"831",1,1,1,0,1
"833",1,1,1,1,1
"834",0,0,0,0,0
"835",1,1,1,1,1
"836",0,0,1,1,0
"840",1,0,0,0,0
"841",0,0,0,0,0
"845",0,0,0,0,1
"846",1,1,1,1,1
"848",1,0,0,0,1
"849",1,1,1,0,1
"853",0,0,0,1,0
"855",0,0,1,0,0
"856",1,1,1,0,1
"860",0,0,1,0,0
"863",0,0,0,0,0
"864",0,1,1,0,0
"865",1,1,1,1,1
"867",0,0,0,0,0
"869",1,1,1,1,1
"870",1,0,0,0,0
"871",1,1,1,0,1
"873",0,0,0,1,0
"875",1,1,1,0,1
"878",0,0,0,0,1
"882",1,1,1,0,0
"885",1,1,1,1,1
"888",0,0,0,0,0
"892",1,0,1,0,0
"895",0,0,1,0,0
"896",1,1,1,1,1
"901",0,0,0,0,0
"903",1,1,1,1,0
"904",0,0,1,0,0
"908",0,0,1,0,0
"909",0,0,0,1,0
"910",0,0,0,0,0
"911",1,1,1,0,0
"912",1,1,1,1,0
"913",1,0,0,1,0
"914",1,1,1,1,0
"915",1,1,1,1,1
"917",1,1,1,1,1
"919",0,0,0,0,1
"920",0,0,0,0,0
"922",0,0,0,0,0
"923",0,0,0,1,0
"924",1,0,1,0,0
"925",1,1,1,1,1
"927",1,0,1,1,1
"929",1,1,1,0,1
"931",1,1,1,1,0
"932",0,1,1,1,1
"933",0,0,0,0,0
"934",0,0,0,0,0
"935",1,1,1,1,1
"936",1,1,1,1,0
"940",1,1,1,0,0
"947",1,0,0,1,0
"948",1,1,1,0,0
"949",0,0,0,0,0
"954",0,0,0,0,1
"955",1,0,1,0,0
"958",0,1,1,0,0
"959",1,1,0,1,0
"960",0,0,1,0,0
"963",1,1,1,1,1
"965",1,1,1,0,0
"966",1,1,0,0,0
"967",1,0,0,0,0
"968",0,0,0,0,0
"969",1,0,1,0,0
"970",1,1,1,0,0
"971",0,0,0,0,0
"972",1,0,0,1,0
"974",0,0,0,0,1
"977",0,0,0,0,0
"981",0,0,1,0,0
"985",1,0,0,1,0
"987",1,1,1,1,1
"989",0,0,0,0,0
"991",1,1,0,1,1
"993",0,0,0,0,0
"996",0,1,0,0,1
"997",1,0,1,1,0
"1004",0,0,0,0,0
"1005",0,0,0,1,0
"1006",1,1,1,0,0
"1007",1,1,1,1,1
"1008",0,0,0,0,0
"1013",1,1,1,1,0
"1014",0,1,0,0,0
"1015",0,0,0,0,0
"1020",1,0,0,0,0
"1026",1,1,1,0,1
"1033",0,0,0,0,0
"1035",0,0,0,0,0
"1039",1,1,1,1,0
"1040",0,1,1,0,0
"1042",0,1,1,0,1
"1043",0,0,1,0,0
"1047",1,0,0,0,0
"1051",0,1,0,0,0
"1060",1,0,0,0,0
"1063",1,1,1,0,1
"1084",0,1,0,1,0
"1085",1,0,1,0,0
"1087",1,1,1,1,0
"1089",1,1,1,0,1
"1092",1,1,1,1,1
"1093",0,0,1,0,0
"1096",0,0,0,1,1
"1097",1,1,1,0,0
"1098",0,1,0,1,0
"1099",1,1,1,0,1
"1101",1,1,0,0,1
"1103",0,0,0,1,0
"1106",0,0,0,1,0
"1109",0,0,0,0,1
"1111",1,1,1,1,0
"1112",1,0,0,1,0
"1113",0,1,1,1,1
"1119",1,1,1,1,1
"1121",0,0,0,1,0
"1123",1,1,1,0,1
"1125",1,1,1,1,1
"1126",1,1,0,1,0
"1137",0,1,0,0,0
"1143",1,0,1,0,0
"1147",0,1,0,1,0
"1148",0,1,0,1,1
"1150",0,0,1,1,0
"1153",0,1,0,0,0
"1154",0,0,0,0,0
"1158",1,0,1,1,1
"1164",0,0,0,0,1
"1166",0,1,0,0,0
"1167",0,1,0,1,1
"1169",0,0,0,1,0
"1174",0,0,0,1,0
"1185",0,1,0,0,0
"1186",0,0,1,0,0
"1188",0,0,0,1,0
"1194",0,1,0,1,1
"1197",0,1,1,1,0
"1198",0,1,0,1,0
"1199",0,0,0,1,0
"1203",0,1,0,1,0
"1207",0,1,0,0,0
"1213",0,0,1,0,0
"1216",1,0,1,0,0
"1218",1,0,0,1,0
"1221",0,1,0,1,0
"1225",1,1,1,1,0
"1228",0,1,0,1,0
"1240",0,0,0,1,0
"1244",0,0,0,0,0
"1246",0,0,1,0,0
"1250",0,0,0,1,0
"1255",0,0,0,0,0
"1258",1,0,0,1,0
"1262",1,0,0,0,0
"1264",0,0,0,0,0
"1265",0,0,0,0,0
"1266",0,1,0,1,0
"1276",1,1,1,1,1
"1278",0,1,0,1,0
"1285",1,0,0,0,1
"1286",1,1,1,0,0
"1289",0,0,0,1,0
"1291",1,1,1,0,0
"1292",0,1,0,1,0
"1293",0,0,0,0,0
"1296",0,1,0,0,0
"1299",1,1,1,0,0
"1302",0,1,0,1,0
"1303",0,0,1,0,1
"1305",1,0,0,0,0
"1308",0,0,0,1,0
"1315",0,1,0,1,0
"1319",0,0,0,1,1
"1321",0,0,1,1,1
"1323",1,0,0,0,0
"1332",1,0,0,1,1
"1336",1,1,1,1,1
"1338",0,0,0,0,0
"1339",0,1,0,0,1
"1340",0,0,0,1,0
"1347",1,1,1,1,1
"1349",1,0,1,1,1
"1354",1,1,1,1,1
"1360",1,0,0,0,0
"1361",0,0,0,0,0
"1363",0,1,1,1,0
"1376",0,0,0,0,0
"1377",1,0,0,1,0
"1383",0,0,1,1,0
"1385",1,1,1,1,1
"1386",0,0,0,0,0
"1391",0,1,0,1,1
"1393",0,0,0,0,0
"1395",0,0,0,0,0
"1396",1,0,1,1,1
"1397",0,1,0,1,0
"1398",1,0,1,1,0
"1399",0,0,0,0,0
"1402",0,0,0,1,0
"1404",0,0,0,1,0
"1405",1,1,0,1,1
"1406",1,1,1,1,1
"1408",0,1,0,1,1
"1409",0,0,0,0,0
"1411",0,1,0,1,0
"1416",0,0,0,0,0
"1417",0,1,0,1,0
"1418",0,0,0,1,0
"1421",1,1,1,1,1
"1422",0,0,1,0,0
"1423",0,1,1,0,0
"1425",0,1,1,1,1
"1426",1,0,0,1,0
"1429",1,1,1,1,1
"1431",0,0,1,0,0
"1432",0,1,0,0,0
"1434",0,0,0,0,1
"1440",1,1,1,1,0
"1442",1,0,0,1,1
"1444",0,0,0,0,1
"1445",0,0,0,1,0
"1446",0,1,0,1,1
"1447",0,0,0,1,0
"1451",0,1,0,1,0
"1452",0,0,0,0,0
"1453",0,0,0,1,0
"1454",0,1,0,1,0
"1455",1,0,1,1,1
"1462",0,0,0,1,1
"1463",0,0,0,1,0
"1466",0,0,0,1,0
"1468",0,1,0,1,0
"1475",0,0,0,0,0
"1477",0,0,0,0,0
"1478",1,1,1,1,1
"1479",1,1,1,0,0
"1480",0,0,0,1,0
"1485",1,1,1,1,0
"1487",0,0,0,0,0
"1489",0,0,0,1,1
"1492",0,0,0,1,0
"1495",0,0,0,0,0
"1496",0,1,0,0,0
"1499",0,1,0,0,0
"1502",0,0,0,1,0
"1504",0,0,1,0,0
"1505",0,0,0,1,0
"1510",0,1,0,0,0
"1513",1,1,1,1,1
"1518",0,0,0,0,0
"1519",0,1,0,1,0
"1520",0,1,0,1,0
"1521",0,1,0,1,0
"1522",1,1,0,0,1
"1527",1,1,1,1,0
"1528",0,1,0,1,1
"1532",0,0,0,1,0
"1542",1,0,0,0,0
"1543",0,0,0,1,1
"1548",0,1,0,1,0
"1549",0,0,0,0,0
"1551",1,1,1,1,1
"1554",1,1,1,1,1
"1566",0,0,0,0,0
"1570",1,1,0,1,0
"1574",1,1,0,0,1
"1575",0,0,1,1,0
"1582",0,1,0,1,0
"1585",0,0,0,1,1
"1586",1,1,0,1,1
"1588",0,1,0,1,0
"1598",0,1,0,1,0
"1600",1,0,0,0,1
"1604",0,1,1,0,0
"1605",0,1,0,1,0
"1606",0,1,0,0,0
"1610",1,0,0,1,0
"1614",0,0,0,0,1
"1615",0,1,0,1,1
"1619",1,0,0,1,0
"1620",0,1,0,1,1
"1621",0,1,0,1,1
"1622",1,1,1,1,1
"1623",0,0,1,0,0
"1626",0,1,1,1,0
"1628",1,0,1,1,1
"1629",0,0,0,0,0
"1631",0,0,0,1,1
"1632",1,0,0,1,0
"1633",0,0,0,0,0
"1638",0,0,0,0,0
"1640",0,0,0,0,0
"1641",0,0,0,0,1
"1642",0,0,0,1,0
"1644",1,0,1,0,0
"1645",1,1,1,0,1
"1650",1,0,0,0,0
"1651",0,0,0,0,0
"1652",0,1,1,0,1
"1653",0,0,0,0,0
"1654",0,1,0,1,0
"1656",0,0,0,0,0
"1659",0,1,1,1,1
"1661",0,0,0,0,0
"1662",0,0,0,0,0
"1664",0,0,0,1,0
"1666",1,1,0,0,0
"1669",1,1,1,1,1
"1671",0,1,0,1,1
"1672",0,1,0,0,0
"1673",1,1,1,1,1
"1675",0,1,0,1,1
"1678",0,0,0,0,0
"1679",1,1,1,1,1
"1682",1,0,1,1,1
"1684",1,0,0,1,0
"1686",0,1,0,0,0
"1687",0,1,0,1,1
"1688",0,0,0,0,0
"1690",0,1,0,1,0
"1693",1,0,0,1,1
"1697",1,0,1,1,0
"1702",0,1,0,1,0
"1703",0,1,0,0,0
"1704",0,0,0,1,0
"1710",1,1,1,0,1
"1712",0,1,0,1,0
"1713",0,0,0,0,1
"1714",0,1,0,1,0
"1716",0,0,0,0,0
"1722",0,1,0,1,1
"1725",1,1,0,1,1
"1732",1,1,1,1,1
"1738",0,1,0,0,0
"1740",1,1,0,1,1
"1742",0,0,0,1,0
"1751",1,1,1,1,1
"1754",0,1,0,1,1
"1758",1,1,1,1,1
"1762",0,0,0,0,1
"1769",0,1,1,1,0
"1770",0,0,0,1,0
"1773",0,1,0,0,0
"1774",0,0,0,0,0
"1777",0,1,0,0,0
"1778",0,1,0,1,1
"1779",1,1,0,0,0
"1782",0,0,1,0,0
"1787",1,0,1,1,1
"1788",0,0,0,0,0
"1791",0,0,0,0,1
"1792",0,1,0,1,0
"1793",0,1,0,0,1
"1794",0,1,0,0,0
"1797",0,0,0,1,0
"1798",0,1,0,0,1
"1799",1,0,1,1,1
"1805",0,0,0,1,1
"1808",0,1,0,1,1
"1809",0,0,0,0,0
"1810",0,0,0,1,0
"1812",0,1,0,0,0
"1813",0,0,0,0,1
"1816",0,0,0,0,0
"1818",0,0,1,1,0
"1819",1,1,0,0,0
"1823",1,1,1,0,1
"1824",1,1,1,1,1
"1825",0,0,0,0,0
"1827",0,0,0,0,0
"1829",1,1,1,0,0
"1832",0,0,0,0,1
"1836",0,1,0,1,1
"1843",1,1,1,1,1
"1846",0,1,0,1,1
"1847",0,1,0,1,0
"1858",1,0,0,0,1
"1859",0,0,0,0,1
"1862",0,1,0,0,0
"1863",0,0,1,0,1
"1864",1,1,1,1,1
"1866",0,1,0,0,1
"1867",1,0,0,0,0
"1869",0,0,0,1,1
"1872",0,0,0,0,1
"1874",0,0,0,0,0
"1876",0,1,0,1,0
"1879",1,0,1,1,1
"1880",0,0,0,1,0
"1885",0,1,1,1,1
"1886",0,1,0,1,1
"1891",0,0,0,0,0
"1894",0,1,0,0,0
"1899",0,0,0,1,0
"1900",0,0,0,0,0
"1906",0,1,0,1,1
"1907",0,1,0,0,0
"1909",0,1,0,0,0
"1910",0,1,0,0,0
"1914",0,0,0,0,1
"1915",0,1,0,1,0
"1920",0,1,0,1,0
"1921",0,1,0,1,0
"1924",0,0,0,1,0
"1929",0,0,1,0,0
"1934",0,1,0,1,0
"1937",0,0,0,1,0
"1940",0,1,0,1,1
"1941",0,1,0,1,0
"1945",1,1,1,1,1
"1947",0,0,1,0,0
"1950",1,1,0,1,1
"1952",0,1,0,0,0
"1956",0,1,0,1,0
"1960",0,0,0,1,0
"1962",0,0,0,1,0
"1963",0,1,0,1,1
"1964",0,0,0,0,0
"1968",1,0,0,0,0
"1969",0,1,0,0,0
"1975",0,1,0,0,0
"1978",0,0,0,1,0
"1981",0,0,0,0,0
"1983",0,1,1,1,0
"1988",1,1,1,1,1
"1989",1,1,1,1,1
"1990",0,1,0,0,0
"1991",1,0,1,0,0
"1994",1,1,1,1,0
"1998",1,0,1,0,1
"2002",0,0,0,0,0
"2003",1,1,0,0,1
"2004",0,1,0,1,0
"2005",0,0,0,1,0
"2006",0,0,0,1,0
"2015",0,0,0,0,0
"2016",1,1,1,1,1
"2019",1,0,0,1,0
"2027",0,0,0,0,0
"2031",1,0,0,1,1
"2032",0,1,0,1,0
"2033",0,0,0,0,0
"2038",0,1,0,0,0
"2042",0,0,0,0,0
"2044",1,0,0,0,0
"2046",1,1,1,1,0
"2047",0,0,1,0,0
"2050",1,1,1,1,1
"2061",0,0,1,0,0
"2062",1,0,1,1,0
"2064",1,0,1,1,0
"2066",0,0,1,0,0
"2070",1,0,0,1,0
"2074",0,1,0,1,1
"2075",0,0,0,1,1
"2076",0,0,0,0,0
"2079",1,0,1,1,0
"2082",0,0,0,1,0
"2084",0,0,0,0,0
"2090",1,1,1,1,1
"2093",1,0,1,1,0
"2094",1,0,1,1,0
"2095",1,0,0,1,0
"2096",1,0,1,0,0
"2103",1,1,1,1,0
"2104",0,0,0,0,0
"2105",0,0,0,1,0
"2106",0,0,0,1,0
"2107",1,1,1,1,1
"2111",0,0,0,0,0
"2112",0,0,1,1,0
"2114",1,0,0,0,0
"2116",0,1,0,0,0
"2117",0,0,0,0,0
"2122",1,1,1,1,0
"2123",0,0,1,0,0
"2124",0,1,0,1,0
"2125",1,1,1,1,1
"2126",1,1,1,0,0
"2129",0,0,0,0,0
"2130",0,1,0,0,0
"2136",1,1,1,0,0
"2139",1,1,1,0,1
"2143",1,0,1,0,0
"2144",0,0,0,1,1
"2146",0,1,0,0,1
"2153",0,0,0,1,0
"2158",0,0,0,1,0
"2160",0,0,0,0,1
"2165",0,0,0,1,0
"2166",0,0,1,1,0
"2170",0,0,1,0,0
"2177",0,1,0,1,0
"2180",0,1,0,1,0
"2181",0,0,0,1,0
"2182",0,0,1,0,1
"2183",0,1,1,0,0
"2186",1,0,1,0,0
"2188",0,0,0,0,0
"2190",0,0,0,0,0
"2192",0,0,0,0,0
"2194",0,1,0,1,0
"2196",1,0,0,0,0
"2197",0,0,1,0,0
"2199",1,1,1,0,0
"2203",0,1,0,0,0
"2207",0,0,0,0,0
"2208",0,0,0,0,1
"2214",0,0,1,0,0
"2218",0,1,1,1,1
"2221",1,1,1,1,1
"2223",1,1,1,1,1
"2227",1,0,1,1,0
"2229",1,1,0,1,1
"2233",0,0,0,0,0
"2235",0,0,0,1,0
"2236",0,1,0,0,0
"2241",1,1,1,1,1
"2243",1,1,1,1,1
"2249",0,0,0,1,1
"2250",1,0,1,0,0
"2258",0,0,0,1,0
"2259",0,0,0,0,0
"2260",0,1,0,1,0
"2261",0,0,0,1,0
"2264",0,0,0,0,0
"2269",1,0,0,1,0
"2270",0,1,1,1,1
"2271",0,0,0,1,0
"2275",1,1,0,0,0
"2277",0,0,1,0,0
"2280",0,0,0,0,0
"2281",1,0,0,1,1
"2283",0,0,0,1,0
"2285",0,0,0,1,0
"2287",0,0,0,1,1
"2291",0,0,0,1,0
"2293",1,0,1,1,1
"2294",1,1,0,0,1
"2295",0,1,0,1,1
"2300",1,1,1,1,0
"2306",1,0,0,0,0
"2308",0,0,0,0,0
"2310",1,0,1,1,1
"2312",1,1,1,1,1
"2313",1,1,1,0,0
"2314",1,1,1,1,1
"2317",1,1,1,0,1
"2319",0,0,0,1,0
"2321",1,1,1,1,1
"2324",0,0,0,1,0
"2328",0,0,1,0,0
"2330",1,1,1,1,0
"2333",1,1,1,1,1
"2334",0,0,0,0,0
"2335",0,0,0,0,0
"2336",1,1,1,0,0
"2337",0,0,0,0,0
"2339",1,1,1,1,0
"2343",1,0,0,1,0
"2345",1,1,1,0,0
"2346",1,1,1,1,1
"2347",1,1,1,1,1
"2348",0,0,1,0,0
"2356",1,1,1,1,1
"2357",1,0,1,1,1
"2358",1,0,1,1,1
"2361",0,1,0,0,1
"2362",1,1,1,0,1
"2367",0,0,0,1,0
"2368",1,1,1,1,1
"2374",0,0,0,0,0
"2375",1,1,1,1,1
"2383",0,0,0,0,0
"2384",1,1,1,0,0
"2388",0,0,1,1,0
"2390",1,1,1,1,0
"2393",0,0,0,0,0
"2394",0,0,1,0,0
"2396",1,1,1,0,1
"2398",1,1,0,0,0
"2401",0,0,1,0,0
"2403",1,1,1,1,0
"2405",0,0,0,0,0
"2406",1,1,1,1,1
"2409",1,1,1,1,0
"2413",0,1,0,1,0
"2414",1,0,0,1,0
"2416",0,0,0,0,0
"2417",1,0,0,1,0
"2420",0,0,0,0,0
"2421",1,1,1,1,1
"2422",0,0,0,0,0
"2423",0,1,0,1,0
"2424",0,1,0,1,0
"2425",0,0,0,0,0
"2427",1,1,1,0,1
"2428",1,1,1,1,1
"2430",0,1,1,0,0
"2431",0,0,0,0,0
"2432",1,0,1,0,0
"2435",1,1,0,0,0
"2438",0,1,0,1,0
"2443",0,0,0,0,0
"2445",0,0,0,0,0
"2446",1,1,1,0,1
"2449",0,1,0,0,0
"2450",0,1,0,0,0
"2452",0,0,0,1,0
"2454",0,0,0,1,0
"2457",1,1,0,0,0
"2460",0,0,0,0,0
"2462",1,0,0,0,0
"2463",0,1,0,0,0
"2471",0,0,0,0,1
"2476",0,0,1,0,0
"2477",1,0,0,1,0
"2485",0,1,0,0,1
"2489",0,1,0,1,0
"2490",0,1,0,0,1
"2493",1,1,1,0,1
"2494",0,0,0,0,0
"2500",0,1,0,0,0
"2502",0,0,0,1,0
"2504",1,0,0,1,0
"2510",0,0,1,1,1
"2511",0,0,1,0,0
"2516",1,1,1,1,0
"2517",1,1,0,1,0
"2518",0,0,0,0,0
"2519",1,1,1,1,1
"2524",1,1,1,1,1
"2525",0,0,1,0,0
"2527",0,0,0,1,0
"2530",1,1,1,1,1
"2534",1,0,0,0,0
"2540",0,0,1,1,0
"2541",1,1,1,1,1
"2543",1,1,0,0,0
"2544",1,0,0,1,0
"2545",1,0,0,1,1
"2548",0,0,0,0,0
"2550",0,0,0,1,1
"2551",1,1,1,0,0
"2553",0,1,0,0,0
"2554",1,0,0,1,1
"2555",1,0,0,0,0
"2561",0,0,1,0,0
"2562",1,0,0,0,1
"2563",0,0,0,0,1
"2565",0,0,0,0,0
"2568",0,0,0,0,0
"2570",1,1,1,0,1
"2571",1,1,1,0,1
"2573",0,0,0,1,1
"2574",0,0,0,1,0
"2577",1,1,0,0,1
"2580",0,0,0,1,0
"2582",0,0,0,0,0
"2583",0,0,0,0,0
"2588",0,0,0,0,0
"2591",1,0,0,1,1
"2593",0,0,1,0,0
"2597",0,1,0,1,0
"2599",0,0,0,0,0
"2600",1,1,1,0,1
"2601",0,1,0,0,0
"2603",1,0,0,1,0
"2605",0,0,0,1,0
"2607",1,0,1,0,0
"2613",1,1,1,1,1
"2616",1,1,0,1,1
"2617",1,0,0,1,1
"2618",1,0,1,1,0
"2622",0,0,0,1,1
"2623",0,0,0,0,0
"2624",1,0,0,0,0
"2625",1,1,1,1,1
"2628",1,1,1,0,0
"2629",1,1,0,1,1
"2635",0,0,0,0,0
"2638",1,0,0,0,0
"2639",1,1,1,1,0
"2643",1,1,0,1,1
"2648",0,1,0,0,1
"2651",0,1,0,0,0
"2656",0,0,0,1,0
"2658",0,0,0,1,0
"2660",0,1,0,0,0
"2661",0,0,0,1,0
"2662",0,0,0,1,0
"2664",0,1,0,1,0
"2669",1,1,1,1,1
"2670",1,1,1,1,1
"2673",1,1,0,1,1
"2674",0,0,1,0,0
"2676",1,0,0,1,0
"2678",1,1,1,1,1
"2679",0,1,0,0,0
"2680",1,1,0,0,1
"2681",0,0,1,0,1
"2683",0,0,0,0,0
"2684",0,0,0,0,1
"2688",0,0,0,0,0
"2694",0,0,1,0,0
"2695",1,0,0,1,1
"2696",1,1,1,1,1
"2699",0,0,0,1,0
"2700",1,1,1,1,1
"2701",0,0,0,0,0
"2702",1,1,0,1,1
"2707",1,0,0,0,0
"2718",1,1,1,1,1
"2719",1,1,1,1,1
"2720",0,0,1,0,0
"2722",0,0,0,0,0
"2723",0,1,0,1,0
"2724",1,1,1,1,1
"2727",1,0,0,1,0
"2732",1,1,1,0,0
"2734",0,0,1,0,0
"2735",1,1,1,1,1
"2741",0,0,0,0,0
"2742",0,0,1,0,1
"2744",0,0,1,0,1
"2746",0,1,0,0,0
"2749",0,0,0,0,0
"2751",0,0,1,0,0
"2752",1,1,1,1,1
"2754",1,1,1,0,0
"2755",0,1,0,0,0
"2756",0,0,0,0,0
"2758",0,0,0,1,0
"2759",1,1,1,0,0
"2760",0,0,0,0,0
"2761",1,1,1,1,1
"2765",1,1,1,0,0
"2767",1,1,1,0,0
"2768",0,1,0,1,0
"2769",1,1,1,1,1
"2770",1,1,1,1,1
"2771",0,0,0,0,0
"2772",1,0,0,1,1
"2773",1,1,0,0,0
"2775",0,1,0,0,0
"2777",0,1,0,0,0
"2778",0,0,1,0,0
"2781",1,1,1,0,0
"2783",1,0,0,0,0
"2784",0,0,1,1,0
"2785",0,0,0,1,0
"2787",0,0,1,0,0
"2788",1,1,1,0,0
"2789",0,1,0,0,0
"2790",0,0,0,0,0
"2791",0,0,0,1,0
"2796",1,1,1,1,0
"2797",0,0,0,0,0
"2799",1,1,1,1,1
"2800",1,1,1,0,1
"2802",0,0,0,0,0
"2804",0,0,0,0,1
"2805",0,0,0,0,0
"2806",0,0,0,0,0
"2808",1,1,1,1,1
"2809",0,0,1,0,0
"2810",1,1,1,1,1
"2811",0,0,0,0,0
"2814",0,1,0,0,0
"2817",1,1,1,0,1
"2818",1,0,1,0,0
"2823",1,0,1,1,1
"2836",0,1,0,0,0
"2837",0,0,1,1,0
"2842",0,0,0,0,0
"2843",0,0,0,0,0
"2844",0,0,0,1,0
"2845",0,0,0,0,0
"2846",1,1,1,1,0
"2849",0,0,1,0,0
"2850",1,1,1,1,1
"2853",0,0,0,0,0
"2855",1,1,1,1,1
"2856",0,1,1,0,1
"2858",0,0,1,1,0
"2859",0,0,1,0,0
"2860",1,1,1,1,0
"2865",1,0,1,0,0
"2866",1,1,1,1,1
"2869",0,0,0,1,0
"2870",0,0,0,1,0
"2871",1,1,1,0,1
"2873",1,1,1,0,0
"2875",0,1,0,0,0
"2877",1,1,1,0,1
"2879",0,0,0,0,0
"2882",0,1,0,0,0
"2885",1,1,1,0,1
"2886",1,1,1,0,0
"2887",1,1,1,1,1
"2889",0,0,0,1,0
"2893",0,0,0,1,0
"2894",0,0,0,0,0
"2895",0,1,0,0,0
"2897",1,1,0,0,0
"2898",0,0,0,0,0
"2901",1,0,1,0,0
"2902",1,1,1,1,0
"2903",0,0,0,0,0
"2904",1,1,1,0,0
"2907",1,0,0,0,1
"2909",1,0,1,0,1
"2912",0,0,0,0,0
"2914",0,0,1,1,0
"2920",0,0,1,0,0
"2921",0,0,0,0,0
"2922",1,1,1,0,1
"2923",1,1,0,1,1
"2925",0,0,0,1,0
"2927",1,1,1,0,1
"2928",0,0,1,0,0
"2929",1,1,1,1,0
"2931",0,0,1,0,0
"2933",1,1,1,1,1
"2936",0,0,1,0,0
"2938",0,1,1,0,0
"2939",0,0,0,0,0
"2940",0,0,1,0,1
"2941",0,0,0,1,0
"2942",0,0,0,0,0
"2943",0,0,0,1,0
"2946",0,0,0,0,0
"2948",1,1,1,1,1
"2949",1,1,1,1,0
"2950",1,1,1,0,1
"2952",1,1,1,1,1
"2953",1,1,1,1,1
"2961",0,0,0,0,0
"2963",0,1,0,0,0
"2964",0,0,0,1,1
"2965",0,0,0,0,0
"2969",0,0,0,0,0
"2972",0,0,0,1,0
"2974",1,1,1,1,1
"2975",1,1,1,1,0
"2976",0,0,0,0,0
"2987",1,1,1,1,1
"2996",1,1,1,0,0
"2998",0,0,1,0,0
"3000",0,1,0,1,0
"3007",1,1,1,0,0
"3010",0,0,0,1,0
"3014",1,1,1,0,0
"3015",1,1,1,1,1
"3018",1,1,1,1,1
"3020",1,1,1,1,1
"3025",0,0,0,0,1
"3026",0,0,1,0,1
"3027",1,1,1,1,1
"3028",1,1,1,0,1
"3036",1,0,0,0,0
"3037",0,0,1,0,0
"3041",1,1,1,1,1
"3043",0,0,1,0,0
"3046",1,1,0,1,1
"3057",1,1,1,1,1
"3059",1,1,1,0,1
"3061",1,1,1,0,1
"3063",1,0,0,0,1
"3065",0,1,0,1,0
"3069",1,0,0,0,0
"3071",0,1,0,0,0
"3073",0,0,0,0,0
"3074",1,0,0,0,0
"3077",1,0,0,1,0
"3079",1,0,0,0,1
"3080",0,0,0,0,0
"3081",0,0,0,0,0
"3082",1,0,0,0,0
"3085",1,1,1,1,1
"3087",0,1,0,0,0
"3091",1,1,1,0,1
"3094",1,1,1,0,1
"3096",0,1,0,0,1
"3098",0,0,0,1,0
"3104",0,0,0,0,0
"3105",1,0,0,1,0
"3108",0,0,0,0,0
"3111",1,0,0,0,0
"3116",0,0,0,0,0
"3118",0,0,0,1,0
"3119",0,0,0,1,0
"3120",0,0,0,1,0
"3121",0,0,1,0,0
"3124",1,0,0,1,0
"3125",1,1,1,0,0
"3138",0,0,0,0,0
"3145",1,1,1,0,1
"3147",1,1,1,1,1
"3148",1,0,1,0,0
"3152",1,1,1,0,1
"3153",1,1,1,1,1
"3156",1,1,1,1,0
"3158",0,0,0,0,0
"3161",1,0,1,1,1
"3165",1,1,1,1,1
"3166",1,1,0,1,1
"3169",0,0,0,1,1
"3171",0,0,0,0,1
"3172",0,0,0,0,1
"3176",0,1,0,1,0
"3178",0,1,0,1,0
"3179",1,1,1,1,1
"3181",1,0,0,0,0
"3190",1,0,0,0,0
"3200",1,1,1,0,1
"3201",1,0,1,1,0
"3204",0,1,0,0,0
"3209",1,1,1,1,1
"3211",1,1,0,0,1
"3213",1,1,1,0,1
"3214",1,1,1,1,1
"3215",1,0,1,0,1
"3216",1,1,1,1,1
"3220",1,1,1,0,1
"3222",0,0,1,1,0
"3224",1,1,1,1,1
"3226",0,0,0,1,0
"3227",1,1,1,1,1
"3228",0,0,0,1,0
"3229",1,1,0,1,0
"3230",0,0,0,1,0
"3238",1,1,1,0,1
"3242",1,0,1,1,1
"3247",1,1,1,0,0
"3251",1,1,1,0,1
"3252",1,1,1,1,1
"3255",1,1,0,1,1
"3256",0,0,0,1,0
"3257",0,0,1,1,1
"3259",1,0,1,1,1
"3262",1,1,1,0,0
"3271",1,0,0,0,0
"3273",1,1,1,1,1
"3275",1,1,1,0,0
"3279",0,0,0,1,0
"3281",0,0,0,0,0
"3283",1,1,1,1,1
"3287",1,1,1,1,1
"3292",1,1,0,0,0
"3293",1,1,1,1,0
"3295",1,1,0,1,0
"3297",0,0,0,0,1
"3301",0,0,0,1,0
"3303",1,1,1,1,1
"3304",1,1,1,1,1
"3307",0,0,1,0,0
"3308",0,0,0,0,0
"3310",0,0,0,1,0
"3312",0,0,0,0,1
"3314",0,1,0,0,0
"3316",1,0,0,0,0
"3320",0,0,0,1,0
"3322",0,0,0,0,0
"3326",1,1,1,1,1
"3327",0,1,1,0,0
"3329",1,0,1,0,0
"3337",1,1,1,1,1
"3340",0,1,0,1,0
"3343",1,0,1,0,0
"3349",1,1,1,1,1
"3351",1,0,0,1,0
"3352",1,0,0,1,0
"3353",0,0,1,0,0
"3355",1,0,0,1,0
"3357",0,1,0,0,1
"3362",1,1,1,1,1
"3366",0,1,0,0,0
"3367",1,0,0,0,0
"3372",1,1,1,1,1
"3373",0,0,1,1,0
"3376",1,1,1,1,1
"3377",1,1,0,0,1
"3378",1,1,1,0,0
"3379",1,1,1,0,1
"3380",0,0,0,0,0
"3381",1,1,1,1,1
"3382",1,1,1,1,1
"3383",0,0,0,0,1
"3385",1,1,1,0,1
"3388",1,1,1,1,1
"3389",1,1,1,1,1
"3391",1,1,1,1,1
"3392",1,1,1,1,1
"3394",0,1,0,1,0
"3395",0,0,0,0,0
"3397",0,0,0,0,0
"3398",1,1,1,1,1
"3400",0,0,0,0,0
"3402",0,1,0,0,0
"3403",1,0,1,1,0
"3404",1,0,1,0,0
"3405",0,0,0,0,1
"3406",1,1,1,0,1
"3407",0,0,0,1,0
"3408",1,1,1,1,1
"3409",1,1,1,1,1
"3410",1,1,0,1,1
"3411",1,1,1,1,1
"3412",1,0,1,1,1
"3414",1,1,1,0,0
"3415",1,0,0,1,0
"3416",0,1,0,0,1
"3419",1,1,0,0,0
"3420",1,1,1,1,1
"3422",1,1,0,1,1
"3424",0,1,0,1,0
"3425",0,0,0,1,0
"3426",0,1,0,0,0
"3428",1,1,1,1,1
"3432",1,1,1,1,1
"3433",1,1,1,1,1
"3434",1,0,1,0,0
"3435",0,0,0,1,0
"3436",1,1,1,1,1
"3437",1,1,1,1,1
"3438",1,1,1,1,1
"3443",0,1,1,0,0
"3445",1,0,0,0,0
"3446",1,1,1,1,1
"3447",1,1,1,0,0
"3448",0,0,0,0,0
"3449",1,0,0,1,0
"3451",0,0,0,1,0
"3454",0,0,1,1,0
"3456",0,0,0,1,0
"3458",1,0,0,0,0
"3461",1,0,0,0,0
"3463",0,0,1,0,0
"3465",0,1,0,0,0
"3466",0,0,0,1,0
"3467",0,0,0,0,1
"3469",1,1,1,1,1
"3471",1,1,1,0,1
"3474",1,1,1,1,1
"3475",1,1,1,0,0
"3476",1,1,0,1,1
"3477",1,1,1,0,1
"3479",1,1,1,1,1
"3480",1,1,1,1,1
"3483",1,1,0,1,1
"3485",0,0,0,0,0
"3486",0,1,0,0,0
"3488",1,1,1,1,1
"3489",1,1,1,1,1
"3490",1,1,1,1,1
"3493",1,1,1,1,0
"3495",1,1,1,0,1
"3496",1,1,1,1,1
"3499",1,1,0,0,0
"3502",1,1,1,1,1
"3505",1,1,0,0,0
"3506",1,0,0,1,0
"3507",1,1,0,0,1
"3508",0,0,1,0,0
"3510",1,1,1,1,1
"3511",1,1,1,1,1
"3514",0,0,0,1,0
"3515",1,0,0,0,0
"3518",1,1,1,1,1
"3521",0,0,0,1,1
"3523",1,1,0,1,1
"3524",1,1,1,0,0
"3525",1,0,0,0,1
"3530",1,1,1,1,1
"3539",1,1,1,0,1
"3540",0,0,0,1,0
"3541",1,1,1,1,1
"3542",1,0,1,1,1
"3543",0,1,0,1,0
"3545",1,1,1,1,1
"3548",1,1,1,1,0
"3549",0,0,1,0,0
"3551",0,0,0,1,0
"3553",0,0,0,0,0
"3556",1,1,1,0,0
"3559",0,1,0,1,0
"3561",0,0,0,0,1
"3563",0,0,1,0,1
"3565",1,1,1,1,1
"3566",1,1,1,1,1
"3576",0,1,0,1,1
"3577",0,0,0,0,0
"3580",1,0,0,1,0
"3582",1,1,0,1,0
"3583",1,1,1,1,1
"3585",1,1,1,1,1
"3586",1,1,1,1,0
"3587",0,0,0,0,0
"3588",0,0,1,0,0
"3590",1,1,1,1,1
"3591",0,0,0,1,0
"3594",0,0,0,0,1
"3597",1,0,0,0,0
"3601",1,1,1,1,1
"3605",0,0,0,0,0
"3609",0,0,0,0,0
"3612",0,0,0,0,1
"3613",0,0,0,1,0
"3614",1,0,0,1,0
"3615",1,1,1,1,0
"3616",0,0,0,0,0
"3617",1,1,1,0,1
"3618",0,0,0,0,0
"3619",1,1,1,1,1
"3623",0,0,0,0,1
"3624",0,0,0,0,0
"3626",1,0,0,0,0
"3633",1,1,1,0,1
"3635",0,0,1,0,0
"3636",0,1,1,0,0
"3637",1,1,1,0,1
"3639",0,1,0,0,0
"3642",0,0,0,0,0
"3643",0,0,0,0,0
"3646",0,0,0,0,0
"3648",0,0,0,1,0
"3649",0,1,0,1,0
"3652",1,0,1,1,0
"3657",0,1,0,1,1
